Target,NIPT017
SNP1,42.007219840769594
SNP2,6.000125781476421
SNP3,3.6253240102489266
SNP4,4.841282114975696
SNP5,8.184302570909507
SNP7,5.909972330283867
SNP9,49.12836193772425
SNP10,0.04143085145262364
SNP12,0.22056814961831858
SNP13,45.41417311948129
SNP14,45.63971065375121
SNP16,7.185103554282519
SNP17,0.042954200215423684
SNP18,0.04162020884653622
SNP19,4.70312263252949
SNP20,47.432579286235224
SNP22,41.81236319326829
SNP23,0.0
SNP24,0.0940451517453468
SNP25,0.036082790699730034
SNP26,0.07642351966188338
SNP27,0.0
SNP28,48.00929066451094
SNP30,43.29306230694098
SNP31,4.232955848376865
SNP32,5.961403146362468
SNP33,5.599119806976016
SNP34,42.112562910366194
SNP35,46.892364954071326
SNP36,0.0
SNP37,4.46035842578657
SNP38,46.83021606727103
SNP39,7.4629392098889396
SNP42,49.59075223185814
SNP44,43.955606648933646
SNP46,0.0
SNP47,0.23044592659081145
SNP48,0.2778758789843777
SNP49,0.12596873425774524
SNP50,47.155647221939454
SNP51,0.0
SNP52,0.1414978248362601
SNP55,46.59210918695666
SNP56,43.82783702624359
SNP57,39.44363826711615
SNP58,4.481719417646054
SNP59,43.50231706830386
Y1,0.0
Q1,121.94304298046818
Q3,103.1383068130254
Q4,80.17958149650582
